AREA,Description,1990,1991,1992,1993,1994,1995,1996,1997,1998,1999,2000,2001,2002,2003,2004,2005,2006,2007,2008,2009,2010,2011,2012,2013,2014,2015,2016
Alabama,Personal income (thousands of dollars),64070364,67662101,72847428,76199461,80680540,85362072,89084446,93822199,99767737,103105812,108000944,111693478,114176585,119399497,128541881,136187496,144954288,152246048,157727573,155513766,161256950,166595407,170881367,172789879,178612937,185484754,189161974
Alabama,Population (persons) 1/,4050055,4099156,4154014,4214202,4260229,4296800,4331102,4367935,4404701,4430141,4452173,4467634,4480089,4503491,4530729,4569805,4628981,4672840,4718206,4757938,4785492,4799918,4815960,4829479,4843214,4853875,4863300
Alabama,Per capita personal income (dollars) 2/,15820,16506,17537,18082,18938,19866,20569,21480,22650,23274,24258,25001,25485,26513,28371,29802,31315,32581,33430,32685,33697,34708,35482,35778,36879,38214,38896
Alaska,Personal income (thousands of dollars),12650093,13199663,14093288,14837766,15326225,15739275,16166525,17047974,17836325,18429969,19875476,20981151,22013624,23077755,24255862,25928163,27582437,29744447,32853999,32731783,34711427,37151409,38490699,37916014,40242478,41701086,41283275
Alaska,Population (persons) 1/,553290,570193,588736,599432,603308,604412,608569,612968,619932,624779,627963,633714,642337,648414,659286,666946,675302,680300,687455,698895,714031,722713,731089,736879,736705,737709,741894
Alaska,Per capita personal income (dollars) 2/,22863,23149,23938,24753,25404,26041,26565,27812,28771,29498,31651,33108,34271,35591,36791,38876,40845,43723,47791,46834,48613,51405,52648,51455,54625,56528,55646
Arizona,Personal income (thousands of dollars),63383028,66575466,70987974,76430689,83859970,91282721,98948614,107437212,117552632,124514127,135372547,141148475,146532203,155206313,169446981,188531565,209240727,220503346,224317885,214058229,215052605,225838885,236220305,242181504,255696365,270258279,280120037
Arizona,Population (persons) 1/,3684097,3788576,3915740,4065440,4245089,4432499,4586940,4736990,4883342,5023823,5160586,5273477,5396255,5510364,5652404,5839077,6029141,6167681,6280362,6343154,6408312,6467163,6549634,6624617,6719993,6817565,6931071
Arizona,Per capita personal income (dollars) 2/,17204,17573,18129,18800,19755,20594,21572,22680,24072,24785,26232,26766,27154,28166,29978,32288,34705,35751,35717,33746,33558,34921,36066,36558,38050,39641,40415
Arkansas,Personal income (thousands of dollars),34487482,36434402,39744696,41722523,44297617,47104707,50012919,52409055,55647128,57896065,61029036,64205009,65583321,69393101,73711023,77736622,82701324,88227922,92390681,90880167,92913782,99296630,106664517,106466207,112682792,116227802,118697988
Arkansas,Population (persons) 1/,2356586,2383144,2415984,2456303,2494019,2535399,2572109,2601090,2626289,2651860,2678588,2691571,2705927,2724816,2749686,2781097,2821761,2848650,2874554,2896843,2921995,2939493,2950685,2958663,2966912,2977853,2988248
Arkansas,Per capita personal income (dollars) 2/,14635,15288,16451,16986,17762,18579,19444,20149,21189,21832,22784,23854,24237,25467,26807,27952,29308,30972,32141,31372,31798,33780,36149,35985,37980,39031,39722
California,Personal income (thousands of dollars),643954932,665001713,701387002,718212128,740997699,779582479,828822422,881903762,957671894,1020864222,1124844038,1160964629,1182174837,1242098548,1335871248,1415940822,1524919622,1583851546,1616530437,1560649328,1617134250,1727433579,1838567162,1861956514,1986025976,2133664158,2212691221
California,Population (persons) 1/,29959515,30470736,30974659,31274928,31484435,31696582,32018834,32486010,32987675,33499204,33987977,34479458,34871843,35253159,35574576,35827943,36021202,36250311,36604337,36961229,37332685,37676861,38011074,38335203,38680810,38993940,39250017
California,Per capita personal income (dollars) 2/,21494,21824,22644,22964,23535,24595,25885,27147,29031,30474,33095,33671,33901,35234,37551,39521,42334,43692,44162,42224,43317,45849,48369,48570,51344,54718,56374
Colorado,Personal income (thousands of dollars),64865685,68711303,74732485,80953444,87221703,94817972,102272385,110052113,122141316,132118052,147226744,154592304,156288493,159102588,164456627,176129181,189492643,201743269,208608111,198082468,201569924,219860916,234005901,246648165,267225467,282665204,288103337
Colorado,Population (persons) 1/,3307618,3387119,3495939,3613734,3724168,3826653,3919972,4018293,4116639,4226018,4326921,4425687,4490406,4528732,4575013,4631888,4720423,4803868,4889730,4972195,5048644,5118360,5189867,5267603,5349648,5448819,5540545
Colorado,Per capita personal income (dollars) 2/,19611,20286,21377,22402,23420,24778,26090,27388,29670,31263,34026,34931,34805,35132,35947,38025,40143,41996,42663,39838,39926,42955,45089,46824,49952,51876,51999
Connecticut,Personal income (thousands of dollars),86968737,87599501,94263265,97514376,100067779,105446951,110588370,117944101,127447466,134862911,147686418,155411804,155702576,158426538,166799800,176139627,190614991,204296045,217101744,215234464,222404940,229211506,233710888,230614799,239069549,244940968,247886635
Connecticut,Population (persons) 1/,3291967,3302895,3300712,3309175,3316121,3324144,3336685,3349348,3365352,3386401,3411777,3432835,3458749,3484336,3496094,3506956,3517460,3527270,3545579,3561807,3579899,3589893,3593795,3596003,3591873,3584730,3576452
Connecticut,Per capita personal income (dollars) 2/,26418,26522,28558,29468,30176,31722,33143,35214,37870,39825,43287,45272,45017,45468,47710,50226,54191,57919,61232,60428,62126,63849,65032,64131,66558,68329,69311
Delaware,Personal income (thousands of dollars),14403323,15238119,15927657,16547403,17201929,18222617,19495317,20362927,22627811,24409278,27074544,29773066,30513129,31236735,32401002,33357539,35524883,36468376,36974073,36843966,36971906,39687435,39953950,40565882,42175123,44438426,45574410
Delaware,Population (persons) 1/,669567,683080,694925,706378,717545,729734,740977,751487,763335,774990,786373,795699,806169,818003,830803,845150,859268,871749,883874,891730,899816,907924,916993,925395,934948,944076,952065
Delaware,Per capita personal income (dollars) 2/,21511,22308,22920,23426,23973,24972,26310,27097,29643,31496,34430,37417,37850,38187,39000,39469,41343,41834,41832,41317,41088,43712,43571,43836,45110,47071,47869
District of Columbia,Personal income (thousands of dollars),15575579,16272212,17188128,17910334,18319858,18434325,19195399,20209086,21456211,22342023,24542346,25709919,26107920,26408223,28989462,30551489,32542965,34651082,36034466,35532577,37436702,40811859,42309871,43195599,46157065,49671007,51842801
District of Columbia,Population (persons) 1/,605321,600870,597565,595301,589239,580517,572377,567736,565230,570213,572046,574504,573158,568502,567754,567136,570681,574404,580236,592228,605183,620477,635327,649165,659005,670377,681170
District of Columbia,Per capita personal income (dollars) 2/,25731,27081,28764,30086,31091,31755,33536,35596,37960,39182,42903,44752,45551,46452,51060,53870,57025,60325,62103,59998,61860,65775,66595,66540,70041,74094,76108
Florida,Personal income (thousands of dollars),260093568,270301132,286472913,304269718,320445032,344347697,366382132,388030818,419558498,441185618,477315998,503630546,522698930,546581820,593212601,647093731,703750490,730814302,734691254,691355724,728063852,773315948,793103892,798885890,856491910,919957986,947207472
Florida,Population (persons) 1/,13033307,13369798,13650553,13927185,14239444,14537875,14853360,15186304,15486559,15759421,16047515,16356966,16689370,17004085,17415318,17842038,18166990,18367842,18527305,18652644,18849098,19096952,19344156,19582022,19888741,20244914,20612439
Florida,Per capita personal income (dollars) 2/,19956,20217,20986,21847,22504,23686,24667,25551,27092,27995,29744,30790,31319,32144,34063,36268,38738,39788,39655,37065,38626,40494,41000,40797,43064,45441,45953
Georgia,Personal income (thousands of dollars),115537974,121117611,131312440,139467777,150306669,162222883,175284284,186659726,204789162,218400986,236451759,248516259,254655443,264265063,279349989,296929387,317384082,332074930,335573645,330586251,336504092,359778107,365480928,371155912,394706562,418382680,434677178
Georgia,Population (persons) 1/,6512602,6653005,6817203,6978240,7157165,7328413,7501069,7685099,7863536,8045965,8227303,8377038,8508256,8622793,8769252,8925922,9155813,9349988,9504843,9620846,9713521,9811610,9914668,9984938,10087231,10199398,10310371
Georgia,Per capita personal income (dollars) 2/,17741,18205,19262,19986,21001,22136,23368,24289,26043,27144,28740,29666,29930,30647,31856,33266,34665,35516,35306,34361,34643,36669,36863,37172,39129,41020,42159
Hawaii,Personal income (thousands of dollars),24931086,26366349,28424752,29472164,30121287,30776621,30785523,31791726,32450676,33645376,35680722,37214473,38922238,40763715,43952173,47220711,50618308,53206947,56050035,55852773,56908597,59072082,61836090,62784498,66122066,69637831,71946077
Hawaii,Population (persons) 1/,1113491,1136754,1158613,1172838,1187536,1196854,1203755,1211640,1215233,1210300,1213519,1225948,1239613,1251154,1273569,1292729,1309731,1315675,1332213,1346717,1363945,1377864,1391820,1406481,1416349,1425157,1428557
Hawaii,Per capita personal income (dollars) 2/,22390,23194,24533,25129,25365,25715,25575,26239,26703,27799,29403,30356,31399,32581,34511,36528,38648,40441,42073,41473,41724,42872,44428,44639,46685,48863,50363
Idaho,Personal income (thousands of dollars),16159229,16984993,18678773,20486623,21919319,23555311,25056014,26166890,28346699,30162818,32598344,34065858,35094185,36387793,39464798,41863825,46053410,49037046,50680252,48865949,49842157,52744839,55370347,57581151,60744450,64209286,66433410
Idaho,Population (persons) 1/,1012384,1041316,1071685,1108768,1145140,1177322,1203083,1228520,1252330,1275674,1299430,1319962,1340372,1363380,1391802,1428241,1468669,1505105,1534320,1554439,1571010,1584143,1595911,1612011,1633532,1652828,1683140
Idaho,Per capita personal income (dollars) 2/,15962,16311,17429,18477,19141,20008,20827,21300,22635,23645,25087,25808,26182,26689,28355,29311,31357,32580,33031,31436,31726,33296,34695,35720,37186,38848,39470
Illinois,Personal income (thousands of dollars),240750225,245973750,266535770,275770452,290484504,308423705,328069414,346357612,367569484,383408287,412843444,426266101,431913030,439257453,456106668,474731421,507325828,536586280,552691325,524590671,535463835,562292466,587601163,600782652,628783275,652685245,663338023
Illinois,Population (persons) 1/,11453316,11568964,11694184,11809579,11912585,12008437,12101997,12185715,12271847,12359020,12434161,12488445,12525556,12556006,12589773,12609903,12643955,12695866,12747038,12796778,12841578,12860012,12870798,12879505,12867544,12839047,12801539
Illinois,Per capita personal income (dollars) 2/,21020,21262,22792,23351,24385,25684,27109,28423,29952,31023,33202,34133,34483,34984,36228,37648,40124,42265,43358,40994,41698,43724,45654,46646,48866,50836,51817
Indiana,Personal income (thousands of dollars),98288101,101120415,109582337,115567139,122830283,128383921,135673335,142738061,154164390,160634031,171538788,175890307,178158904,182215699,189976741,195121894,207376568,215098965,225759917,220157359,227692069,242797724,253770962,257170310,266902076,276730346,285863662
Indiana,Population (persons) 1/,5557798,5616388,5674547,5739019,5793526,5851459,5906013,5955267,5998880,6044969,6091866,6127760,6155967,6196638,6233007,6278616,6332669,6379599,6424806,6459325,6490528,6516480,6537743,6569102,6595233,6612768,6633053
Indiana,Per capita personal income (dollars) 2/,17685,18005,19311,20137,21201,21940,22972,23968,25699,26573,28159,28704,28941,29406,30479,31077,32747,33717,35139,34084,35081,37259,38816,39148,40469,41848,43097
Iowa,Personal income (thousands of dollars),49067459,50202706,53914617,54137967,59005529,61476185,67006658,70118131,73443712,75382397,80584533,82906560,84963006,86723292,94120989,96668245,102703805,110015525,117010217,113322375,115762598,125236725,130989989,133536267,137733646,142825634,144195709
Iowa,Population (persons) 1/,2781018,2797613,2818401,2836972,2850746,2867373,2880000,2891119,2902872,2917634,2929067,2931997,2934234,2941999,2953635,2964454,2982644,2999212,3016734,3032870,3050738,3065223,3076310,3091930,3108030,3121997,3134693
Iowa,Per capita personal income (dollars) 2/,17644,17945,19130,19083,20698,21440,23266,24253,25300,25837,27512,28276,28956,29478,31866,32609,34434,36681,38787,37365,37946,40857,42580,43189,44315,45748,46000
Kansas,Personal income (thousands of dollars),45671041,47310950,51020010,53382924,55822198,58154336,61972792,65844794,70029330,72401435,76512050,79087763,79737565,82089882,83860092,88583966,97677245,105406658,115633816,111052352,112083904,122014751,129292297,132683659,135017710,136598008,137305437
Kansas,Population (persons) 1/,2481349,2498722,2532394,2556547,2580513,2601007,2614554,2635292,2660598,2678338,2693681,2702162,2713535,2723004,2734373,2745299,2762931,2783785,2808076,2832704,2858850,2869503,2885262,2892821,2899360,2906721,2907289
Kansas,Per capita personal income (dollars) 2/,18406,18934,20147,20881,21632,22358,23703,24986,26321,27032,28404,29268,29385,30147,30669,32268,35353,37865,41179,39204,39206,42521,44811,45867,46568,46994,47228
Kentucky,Personal income (thousands of dollars),57482504,60643068,65371767,67907191,71377080,74798939,79385813,84293663,89291011,93068131,100491384,103880570,106192366,109033108,115700799,121353573,128434393,134438098,141421812,139458607,143617957,150669444,155996922,156589351,163278651,170266901,172713808
Kentucky,Population (persons) 1/,3694048,3722328,3765469,3812206,3849088,3887427,3919535,3952747,3985390,4018053,4049021,4068132,4089875,4117170,4146101,4182742,4219239,4256672,4289878,4317074,4348662,4369354,4384799,4400477,4413057,4424611,4436974
Kentucky,Per capita personal income (dollars) 2/,15561,16292,17361,17813,18544,19241,20254,21325,22405,23162,24819,25535,25965,26483,27906,29013,30440,31583,32966,32304,33026,34483,35577,35585,36999,38482,38926
Louisiana,Personal income (thousands of dollars),64267316,67719711,72590741,76204711,81218487,85205189,88954302,93605316,98039104,100305802,105949826,113246437,116334048,119821189,125152478,134652952,143175909,156538878,167648484,162974620,169191480,174541004,184226805,185533619,195268026,200091950,198025102
Louisiana,Population (persons) 1/,4221532,4253279,4293003,4316428,4347481,4378779,4398877,4421071,4440344,4460811,4471885,4477875,4497267,4521042,4552238,4576628,4302665,4375581,4435586,4491648,4544996,4575404,4603429,4626402,4647880,4668960,4681666
Louisiana,Per capita personal income (dollars) 2/,15224,15922,16909,17655,18682,19459,20222,21173,22079,22486,23692,25290,25868,26503,27493,29422,33276,35776,37796,36284,37226,38148,40019,40103,42012,42856,42298
Maine,Personal income (thousands of dollars),21654835,21995830,23022871,23767774,24763124,25878824,27358122,28858308,30876061,32458107,34921210,36849361,38155280,40067729,42132540,43083415,45402329,47187502,49226384,49130870,49827077,51714022,52877607,52724616,54763126,56928613,58655433
Maine,Population (persons) 1/,1231719,1237081,1238508,1242302,1242662,1243480,1249060,1254774,1259127,1266808,1277072,1285692,1295960,1306513,1313688,1318787,1323619,1327040,1330509,1329590,1327730,1328231,1328895,1329076,1330719,1329453,1331479
Maine,Per capita personal income (dollars) 2/,17581,17780,18589,19132,19927,20812,21903,22999,24522,25622,27345,28661,29442,30668,32072,32669,34302,35558,36998,36952,37528,38935,39791,39670,41153,42821,44053
Maryland,Personal income (thousands of dollars),110720316,114751265,120564540,125464844,131220905,136887889,143275374,151291853,163085559,173346881,188470846,198998650,205604275,214734120,230472764,242159114,257913392,267773656,280994770,279900870,288737386,304387669,314159795,312369522,322608872,337212412,349266576
Maryland,Population (persons) 1/,4799770,4867641,4923368,4971889,5023060,5070033,5111986,5157328,5204464,5254509,5311034,5374691,5440389,5496269,5546935,5592379,5627367,5653408,5684965,5730388,5788584,5843603,5889651,5931129,5967295,5994983,6016447
Maryland,Per capita personal income (dollars) 2/,23068,23574,24488,25235,26124,26999,28027,29335,31336,32990,35487,37025,37792,39069,41550,43302,45832,47365,49428,48845,49880,52089,53341,52666,54063,56249,58052
Massachusetts,Personal income (thousands of dollars),139000167,141238542,148539497,154466285,162148912,171547003,182447254,193952126,206398097,220155896,245201225,255544975,255764186,262071401,274807343,287134553,309652139,324259926,338218622,335086775,348325560,365190182,380785092,383509900,400244845,426359872,437551353
Massachusetts,Population (persons) 1/,6022639,6018470,6028709,6060569,6095241,6141445,6179756,6226058,6271838,6317345,6361104,6397634,6417206,6422565,6412281,6403290,6410084,6431559,6468967,6517613,6565524,6611923,6658008,6706786,6749911,6784240,6811779
Massachusetts,Per capita personal income (dollars) 2/,23080,23468,24639,25487,26603,27933,29523,31152,32909,34849,38547,39944,39856,40805,42856,44842,48307,50417,52283,51412,53054,55232,57192,57182,59296,62846,64235
Michigan,Personal income (thousands of dollars),176444356,180155777,191165165,201354672,216514159,228975422,241000500,253799739,269316721,283455635,302464029,307585685,307775244,314347960,323453268,329803615,337588867,346957762,354545792,336321819,347723348,369367635,382627062,388175044,404864143,427199321,439361467
Michigan,Population (persons) 1/,9311319,9400446,9479065,9540114,9597737,9676211,9758645,9809051,9847942,9897116,9952450,9991120,10015710,10041152,10055315,10051137,10036081,10001284,9946889,9901591,9877495,9876213,9887238,9898982,9915767,9917715,9928300
Michigan,Per capita personal income (dollars) 2/,18949,19165,20167,21106,22559,23664,24696,25874,27348,28640,30391,30786,30729,31306,32167,32813,33638,34691,35644,33966,35204,37400,38699,39214,40830,43074,44253
Minnesota,Personal income (thousands of dollars),86895595,89548001,96321351,99215504,106426113,112631122,121486713,128314666,139637164,146855175,159096888,165450224,169411366,177754072,188490101,193390784,203478772,214836931,225518558,215149426,223700193,238638075,254020529,256039772,268529945,280406484,287249809
Minnesota,Population (persons) 1/,4389857,4440859,4495572,4555954,4610355,4660180,4712827,4763390,4813412,4873481,4933692,4982796,5018935,5053572,5087713,5119598,5163555,5207203,5247018,5281203,5311147,5348562,5380285,5418521,5453109,5482435,5519952
Minnesota,Per capita personal income (dollars) 2/,19795,20165,21426,21777,23084,24169,25778,26938,29010,30134,32247,33204,33754,35174,37048,37775,39407,41258,42980,40739,42119,44617,47213,47253,49243,51146,52038
Mississippi,Personal income (thousands of dollars),34267522,36072135,38903231,41442376,44847540,47381736,50290838,53121279,56289949,58160798,61339361,64911727,65905820,68443211,72400140,77222001,80500778,85615593,90094129,88174096,90800430,94576285,98264480,99663477,102378364,103901356,106052785
Mississippi,Population (persons) 1/,2578897,2598733,2623734,2655100,2688992,2722659,2748085,2777004,2804834,2828408,2848353,2852994,2858681,2868312,2889010,2905943,2904978,2928350,2947806,2958774,2970322,2978162,2984945,2990482,2992400,2989390,2988726
Mississippi,Per capita personal income (dollars) 2/,13288,13881,14827,15609,16678,17403,18300,19129,20069,20563,21535,22752,23055,23862,25061,26574,27711,29237,30563,29801,30569,31757,32920,33327,34213,34757,35484
Missouri,Personal income (thousands of dollars),91773727,95972532,102405335,107142686,113502853,119307169,126395827,134265735,140934839,146737008,156903173,162089578,165486900,172068839,181545945,187778625,199490640,209373311,220897747,217131669,220251923,229108112,240120072,240825428,249234791,257514867,261547770
Missouri,Population (persons) 1/,5128880,5170800,5217101,5271175,5324497,5378247,5431553,5481193,5521765,5561948,5607285,5641142,5674825,5709403,5747741,5790300,5842704,5887612,5923916,5961088,5996118,6010717,6025415,6042711,6060930,6076204,6093000
Missouri,Per capita personal income (dollars) 2/,17894,18560,19629,20326,21317,22183,23271,24496,25524,26382,27982,28733,29162,30138,31586,32430,34144,35562,37289,36425,36732,38117,39851,39854,41122,42381,42926
Montana,Personal income (thousands of dollars),12429218,13256187,14106136,15256962,15671892,16533795,17308965,18044406,19278739,19763448,21071643,22053487,22725980,24262268,26159065,27982487,30304534,32610254,34611922,33768763,35125691,37698478,40027400,40074179,41676292,43844378,44772870
Montana,Population (persons) 1/,800204,809680,825770,844761,861306,876553,886254,889865,892431,897507,903773,906961,911667,919630,930009,940102,952692,964706,976415,983982,990641,997821,1005196,1014314,1022867,1032073,1042520
Montana,Per capita personal income (dollars) 2/,15533,16372,17082,18061,18195,18862,19530,20278,21602,22020,23315,24316,24928,26383,28128,29765,31809,33803,35448,34318,35458,37781,39820,39509,40745,42482,42947
Nebraska,Personal income (thousands of dollars),29214345,30327262,32255233,33310646,35399363,37420622,40752615,41937191,44762109,46794157,49512086,51649982,52771054,56076719,58506442,60120755,62951389,67917175,72300017,71103994,74149336,82656406,85485324,85722866,91082845,93868240,95411344
Nebraska,Population (persons) 1/,1581660,1595919,1611687,1625590,1639041,1656992,1673740,1686418,1695816,1704764,1713820,1719836,1728292,1738643,1749370,1761497,1772693,1783440,1796378,1812683,1830051,1842283,1855725,1868559,1881145,1893765,1907116
Nebraska,Per capita personal income (dollars) 2/,18471,19003,20013,20491,21598,22583,24348,24868,26396,27449,28890,30032,30534,32253,33444,34130,35512,38082,40248,39226,40518,44866,46066,45876,48419,49567,50029
Nevada,Personal income (thousands of dollars),24994589,27487103,30503405,32961951,36518231,40086322,44341628,48512959,53873615,58542856,64403145,68307123,70519000,75123100,83711491,93970899,100730483,104399125,103001444,97399708,99534123,103259252,107930003,108503500,115355475,124341475,128089633
Nevada,Population (persons) 1/,1220695,1296171,1351367,1411215,1499298,1581578,1666320,1764104,1853191,1934718,2018741,2098399,2173791,2248850,2346222,2432143,2522658,2601072,2653630,2684665,2703284,2718379,2752565,2786464,2833013,2883758,2940058
Nevada,Per capita personal income (dollars) 2/,20476,21206,22572,23357,24357,25346,26611,27500,29071,30259,31903,32552,32441,33405,35679,38637,39930,40137,38815,36280,36820,37986,39211,38939,40718,43118,43567
New Hampshire,Personal income (thousands of dollars),23025351,23788602,24948920,25787395,27573320,29299859,31032084,33335717,36590787,39010030,43966312,46228337,47123075,48126373,51105354,53136817,57259284,59325737,61011388,60201229,62087848,65339834,68481909,68261645,69623534,72548919,74687026
New Hampshire,Population (persons) 1/,1112384,1109929,1117784,1129458,1142560,1157561,1174719,1189425,1205940,1222014,1239882,1255517,1269089,1279840,1290121,1298492,1308389,1312540,1315906,1316102,1316872,1318473,1321182,1322687,1328743,1330111,1334795
New Hampshire,Per capita personal income (dollars) 2/,20699,21433,22320,22832,24133,25312,26417,28027,30342,31923,35460,36820,37131,37603,39613,40922,43763,45199,46365,45742,47148,49557,51834,51608,52398,54544,55954
New Jersey,Personal income (thousands of dollars),192503740,196000492,210737946,217231771,224967367,239340164,253236997,269821158,287666867,301576276,332255755,344672849,353295773,363070991,379117636,392400318,418875514,438838772,455850397,442746079,451895490,473742591,490610937,494040279,514382313,538220307,549835795
New Jersey,Population (persons) 1/,7762963,7814676,7880508,7948915,8014306,8083242,8149596,8218808,8287418,8359592,8430621,8492671,8552643,8601402,8634561,8651974,8661679,8677885,8711090,8755602,8803729,8841243,8873211,8899162,8925001,8935421,8944469
New Jersey,Per capita personal income (dollars) 2/,24798,25081,26742,27328,28071,29609,31074,32830,34711,36075,39411,40585,41308,42211,43907,45354,48360,50570,52330,50567,51330,53583,55291,55515,57634,60234,61472
New Mexico,Personal income (thousands of dollars),23031799,24675575,26528180,28522697,30470675,32748131,34409992,36127950,37959667,38829685,41839377,45083587,46519758,48555144,51749008,55562615,59578677,63091733,67250834,66243018,68361950,72175501,73822778,72465608,76593172,78996822,80064958
New Mexico,Population (persons) 1/,1521574,1555305,1595442,1636453,1682398,1720394,1752326,1774839,1793484,1808082,1821204,1831690,1855309,1877574,1903808,1932274,1962137,1990070,2010662,2036802,2064756,2077756,2083784,2085193,2083024,2080328,2081015
New Mexico,Per capita personal income (dollars) 2/,15137,15865,16627,17430,18111,19035,19637,20356,21165,21476,22973,24613,25074,25861,27182,28755,30364,31703,33447,32523,33109,34737,35427,34752,36770,37973,38474
New York,Personal income (thousands of dollars),432392237,432623921,457406830,469767241,484813019,511629875,538196850,568314287,599910544,635108291,682613900,709589003,709926775,723980267,759622890,793176071,849172187,908162948,927888435,905801349,934270262,991352307,1053660783,1072125105,1109516679,1155937626,1176080244
New York,Population (persons) 1/,18020784,18122510,18246653,18374954,18459470,18524104,18588460,18656546,18755906,18882725,19001780,19082838,19137800,19175939,19171567,19132610,19104631,19132335,19212436,19307066,19402640,19519529,19602769,19673546,19718515,19747183,19745289
New York,Per capita personal income (dollars) 2/,23994,23872,25068,25566,26264,27620,28953,30462,31985,33634,35924,37185,37096,37755,39622,41457,44448,47467,48296,46916,48152,50788,53751,54496,56268,58537,59563
North Carolina,Personal income (thousands of dollars),115754709,120936223,131824817,140620670,149734601,160530377,171935317,184820214,197751256,207864019,221218690,227904776,231273894,240333313,261816800,280648703,304185004,328369034,351987808,338669437,337729995,352009519,376200549,372140736,392986046,415234837,428638808
North Carolina,Population (persons) 1/,6664016,6784280,6897214,7042818,7187398,7344674,7500670,7656825,7809121,7949361,8081614,8210122,8326201,8422501,8553152,8705407,8917270,9118037,9309449,9449566,9558915,9650963,9746175,9841590,9934399,10035186,10146788
North Carolina,Per capita personal income (dollars) 2/,17370,17826,19113,19967,20833,21857,22923,24138,25323,26149,27373,27759,27777,28535,30611,32238,34112,36013,37810,35840,35331,36474,38600,37813,39558,41378,42244
North Dakota,Personal income (thousands of dollars),10290342,10410081,11411372,11562828,12545156,12578798,14071088,13808529,15147076,15335245,16695390,17036787,17427613,18918969,19195772,20365614,21301444,23713934,27100616,26687878,29450250,33306563,39449209,40296443,42991436,42002831,41404978
North Dakota,Population (persons) 1/,637685,635753,638223,641216,644804,647832,650382,649716,647532,644259,642023,639062,638168,638817,644705,646089,649422,652822,657569,664968,674526,685476,702087,724019,739904,756835,757952
North Dakota,Per capita personal income (dollars) 2/,16137,16374,17880,18033,19456,19417,21635,21253,23392,23803,26004,26659,27309,29616,29775,31521,32801,36325,41213,40134,43661,48589,56188,55657,58104,55498,54627
Ohio,Personal income (thousands of dollars),202826963,207192639,220961744,230239933,242927557,254378135,266568428,282349312,298353863,308082449,323964530,332936158,337415971,347533465,362702364,372826780,392059624,408126658,422401501,410538372,419569872,448119917,465139834,470745086,489250952,508379906,517918190
Ohio,Population (persons) 1/,10864162,10945762,11029431,11101140,11152454,11202751,11242827,11277357,11311536,11335454,11363543,11387404,11407889,11434788,11452251,11463320,11481213,11500468,11515391,11528896,11540983,11544824,11550839,11570022,11594408,11605090,11614373
Ohio,Per capita personal income (dollars) 2/,18669,18929,20034,20740,21782,22707,23710,25037,26376,27179,28509,29237,29577,30393,31671,32523,34148,35488,36681,35610,36355,38816,40269,40687,42197,43807,44593
Oklahoma,Personal income (thousands of dollars),50948903,52474225,55898923,58123375,60728231,63398165,67140318,70867876,74608546,76587362,82845740,87908711,89658607,93650150,101088757,110225753,122267011,127684113,142149545,129819128,135011290,145616058,156874413,164437285,175210238,171788102,167502814
Oklahoma,Population (persons) 1/,3148825,3175440,3220517,3252285,3280940,3308208,3340129,3372917,3405194,3437147,3454365,3467100,3489080,3504892,3525233,3548597,3594090,3634349,3668976,3717572,3759603,3786274,3817054,3852415,3877499,3907414,3923561
Oklahoma,Per capita personal income (dollars) 2/,16180,16525,17357,17872,18509,19164,20101,21011,21910,22282,23983,25355,25697,26720,28676,31062,34019,35133,38744,34920,35911,38459,41098,42684,45186,43965,42692
Oregon,Personal income (thousands of dollars),51672272,54360166,58159238,62320110,66792632,71913581,77571848,82428855,87222632,90890592,98075500,100335404,101591994,105823776,112209856,117144304,127457878,133476862,140004731,134859864,136986770,144632521,152489633,155147986,165816558,178432319,185839645
Oregon,Population (persons) 1/,2860375,2928507,2991755,3060367,3121264,3184369,3247111,3304310,3352449,3393941,3429708,3467937,3513424,3547376,3569463,3613202,3670883,3722417,3768748,3808600,3838048,3868031,3899116,3925751,3968371,4024634,4093465
Oregon,Per capita personal income (dollars) 2/,18065,18562,19440,20364,21399,22583,23889,24946,26018,26780,28596,28932,28915,29832,31436,32421,34721,35858,37149,35409,35692,37392,39109,39521,41785,44335,45399
Pennsylvania,Personal income (thousands of dollars),233194273,242826180,256368975,266038429,275115183,287783679,302668785,317899634,334828567,348998963,373211236,385683541,393464126,407904130,433338099,451274953,476162792,506357616,528853951,515485777,533929583,561012102,585851545,589491588,613658783,637183688,648694472
Pennsylvania,Population (persons) 1/,11903299,11982164,12049450,12119724,12166050,12198403,12220464,12227814,12245672,12263805,12284173,12298970,12331031,12374658,12410722,12449990,12510809,12563937,12612285,12666858,12712343,12744293,12771854,12781338,12790565,12791904,12784227
Pennsylvania,Per capita personal income (dollars) 2/,19591,20266,21276,21951,22613,23592,24767,25998,27343,28458,30381,31359,31908,32963,34916,36247,38060,40302,41932,40696,42001,44021,45871,46121,47977,49811,50742
Rhode Island,Personal income (thousands of dollars),20307648,20434051,21390795,22307228,22867101,24111072,24982118,26452272,28275413,29541596,31806725,33489344,34889728,36717553,38423751,39434531,41573771,43256752,44285471,43131954,45023318,46640595,48601350,48771792,50451415,52525608,53272444
Rhode Island,Population (persons) 1/,1005995,1010649,1012581,1015112,1015960,1017002,1020893,1025353,1031155,1040402,1050268,1057142,1065995,1071342,1074579,1067916,1063096,1057315,1055003,1053646,1053337,1052451,1052901,1053033,1054480,1055607,1056426
Rhode Island,Per capita personal income (dollars) 2/,20187,20219,21125,21975,22508,23708,24471,25798,27421,28394,30284,31679,32730,34272,35757,36927,39106,40912,41977,40936,42744,44316,46159,46316,47845,49759,50427
South Carolina,Personal income (thousands of dollars),56081923,58482729,62318342,65498742,69488391,73582134,78254085,83268712,89221438,93658381,100288596,103768987,106587924,110293923,117121439,123655488,133248360,142015184,148898634,145201638,149093360,157952965,166397814,168267898,178719703,189836135,196049325
South Carolina,Population (persons) 1/,3501155,3570404,3620464,3663314,3705397,3748582,3796200,3859696,3919235,3974682,4024223,4064995,4107795,4150297,4210921,4270150,4357847,4444110,4528996,4589872,4635943,4672637,4720760,4767894,4828430,4894834,4961119
South Carolina,Per capita personal income (dollars) 2/,16018,16380,17213,17880,18753,19629,20614,21574,22765,23564,24921,25527,25948,26575,27814,28958,30577,31956,32877,31635,32160,33804,35248,35292,37014,38783,39517
South Dakota,Personal income (thousands of dollars),11513251,11992985,12991533,13585823,14630902,14934328,16504345,16852186,18121187,19027288,20262966,21096085,21170798,23124408,24781741,26189694,27564810,30658501,33012790,31898690,33520714,36791498,37583819,37709126,39150683,40892772,41398241
South Dakota,Population (persons) 1/,697101,703669,712801,722159,730790,737925,742213,744223,746058,750412,755844,757972,760020,763729,770396,775493,783033,791623,799124,807067,816325,824398,834441,844922,852561,857919,865454
South Dakota,Per capita personal income (dollars) 2/,16516,17044,18226,18813,20021,20238,22237,22644,24289,25356,26808,27832,27856,30278,32168,33772,35203,38729,41311,39524,41063,44628,45041,44630,45921,47665,47834
Tennessee,Personal income (thousands of dollars),81934674,86089981,94249674,100336091,106695942,114573451,121011953,128174369,140429185,146049690,154881000,159025404,162808694,169829047,180011461,188355736,200622515,210695574,220669541,218408222,226633982,239633734,250285838,252091031,262623442,277836898,288169968
Tennessee,Population (persons) 1/,4894492,4966587,5049742,5137584,5231438,5326936,5416643,5499233,5570045,5638706,5703719,5750789,5795918,5847812,5910809,5991057,6088766,6175727,6247411,6306019,6356671,6397634,6454306,6494821,6544663,6595056,6651194
Tennessee,Per capita personal income (dollars) 2/,16740,17334,18664,19530,20395,21508,22341,23308,25211,25901,27154,27653,28090,29041,30455,31439,32950,34117,35322,34635,35653,37457,38778,38814,40128,42128,43326
Texas,Personal income (thousands of dollars),296204968,309983300,335301604,354794103,375106640,401483332,431653384,470314809,512701446,540829905,589484088,626675708,633447887,656271300,684161109,746963828,817777478,872964318,961039866,910107802,956561930,1047017041,1125709687,1148928546,1236170006,1284521219,1289310024
Texas,Population (persons) 1/,17056755,17398005,17759738,18161612,18564062,18958751,19340342,19740317,20157531,20558220,20944499,21319622,21690325,22030931,22394023,22778123,23359580,23831983,24309039,24801761,25244310,25646389,26071655,26473525,26944751,27429639,27862596
Texas,Per capita personal income (dollars) 2/,17366,17817,18880,19535,20206,21177,22319,23825,25435,26307,28145,29394,29204,29789,30551,32793,35008,36630,39534,36695,37892,40825,43178,43399,45878,46830,46274
Utah,Personal income (thousands of dollars),25737076,27623517,29924984,32312390,35050599,38230275,41619496,45005385,48123980,50652670,54178312,56628923,58314909,60553026,64580222,70680942,78678689,85634720,90362956,86110566,87931071,94918680,101508754,104664413,110863745,118724635,124871199
Utah,Population (persons) 1/,1731223,1779780,1836799,1898404,1960446,2014177,2067976,2119784,2165960,2203482,2244502,2283715,2324815,2360137,2401580,2457719,2525507,2597746,2663029,2723421,2775326,2816124,2855782,2902663,2941836,2990632,3051217
Utah,Per capita personal income (dollars) 2/,14866,15521,16292,17021,17879,18981,20126,21231,22218,22988,24138,24797,25084,25657,26891,28759,31154,32965,33932,31619,31683,33705,35545,36058,37685,39699,40925
Vermont,Personal income (thousands of dollars),10205317,10386332,11117833,11538472,12122967,12782449,13467271,14192206,15298304,16297359,17620319,18675843,19133676,19894962,21105387,21536171,23011821,24232173,25494389,25130695,25612435,27220129,28120420,28592608,29533385,30599347,31219885
Vermont,Population (persons) 1/,564798,568606,572751,577748,583836,589002,593701,597239,600416,604683,609618,612223,615442,617858,619920,621215,622892,623481,624151,624817,625982,626730,626444,627140,626984,626088,624594
Vermont,Per capita personal income (dollars) 2/,18069,18266,19411,19971,20764,21702,22684,23763,25480,26952,28904,30505,31089,32200,34045,34668,36944,38866,40847,40221,40916,43432,44889,45592,47104,48874,49984
Virginia,Personal income (thousands of dollars),129544409,135044850,143870747,151326509,159147104,166955610,175267502,186787562,200056075,214416625,232452949,245204706,250408311,265269500,284567184,305504952,327318432,345335541,358043492,350577657,363888979,385615411,403880401,400660395,417173337,436655248,445461657
Virginia,Population (persons) 1/,6216884,6301217,6414307,6509630,6593139,6670693,6750884,6829183,6900918,7000174,7105817,7198362,7286873,7366977,7475575,7577105,7673725,7751000,7833496,7925937,8025773,8110035,8192048,8262692,8317372,8367587,8411808
Virginia,Per capita personal income (dollars) 2/,20838,21432,22430,23247,24138,25028,25962,27351,28990,30630,32713,34064,34364,36008,38066,40319,42654,44554,45707,44232,45340,47548,49302,48490,50157,52184,52957
Washington,Personal income (thousands of dollars),98856108,105798375,114253674,120065517,126288890,133508969,143601196,154903989,169763415,181382731,194093106,198547288,202782060,210413123,226511608,236271199,257104210,279088841,293949341,278991093,284523758,301567633,326408854,333168842,358988169,379950931,397772297
Washington,Population (persons) 1/,4903043,5025624,5160757,5278842,5375161,5481027,5569753,5674747,5769562,5842564,5910512,5985722,6052349,6104115,6178645,6257305,6370753,6461587,6562231,6667426,6743226,6822520,6895226,6968006,7054196,7160290,7288000
Washington,Per capita personal income (dollars) 2/,20162,21052,22139,22745,23495,24358,25782,27297,29424,31045,32839,33170,33505,34471,36660,37759,40357,43192,44794,41844,42194,44202,47338,47814,50890,53064,54579
West Virginia,Personal income (thousands of dollars),26120068,27204930,29317122,30399534,31692701,32740269,34072081,35498621,36999894,38018141,40261164,42471414,44197564,45005686,46491347,48411990,51923737,53779085,57551409,58042232,59487163,63067998,64623761,64207088,66047210,67273774,67061987
West Virginia,Population (persons) 1/,1792548,1798735,1806451,1817539,1820421,1823700,1822808,1819113,1815609,1811799,1807021,1801481,1805414,1812295,1816438,1820492,1827912,1834052,1840310,1847775,1854230,1854972,1856560,1853231,1848514,1841053,1831102
West Virginia,Per capita personal income (dollars) 2/,14571,15124,16229,16726,17410,17953,18692,19514,20379,20984,22280,23576,24481,24834,25595,26593,28406,29323,31273,31412,32082,33999,34808,34646,35730,36541,36624
Wisconsin,Personal income (thousands of dollars),90143238,93632279,101190913,106442538,113017540,118778601,125662960,133284392,142917963,149267176,159511065,167125085,171731780,175771213,183318375,189528086,201536159,210810973,219283413,215498897,219627970,232664321,243576466,245382484,255074816,265094105,270225982
Wisconsin,Population (persons) 1/,4904562,4964343,5025398,5084889,5133678,5184836,5229986,5266213,5297672,5332666,5373999,5406835,5445162,5479203,5514026,5546166,5577655,5610775,5640996,5669264,5690263,5709640,5726177,5742854,5758377,5767891,5778708
Wisconsin,Per capita personal income (dollars) 2/,18379,18861,20136,20933,22015,22909,24027,25309,26978,27991,29682,30910,31538,32080,33246,34173,36133,37573,38873,38012,38597,40749,42537,42728,44296,45960,46762
Wyoming,Personal income (thousands of dollars),8161335,8564768,9072027,9580114,10022682,10491936,10954402,11730537,12471456,13351225,14317733,15176559,15708575,16746950,17805527,19656998,22583362,23918986,26505381,24381004,25656916,28092250,30434827,30717840,32887556,33010402,32270465
Wyoming,Population (persons) 1/,453690,459260,466251,473081,480283,485160,488167,489451,490787,491780,494300,494657,500017,503453,509106,514157,522667,534876,546043,559851,564513,567725,576765,582684,583642,586555,585501
Wyoming,Per capita personal income (dollars) 2/,17989,18649,19457,20250,20868,21626,22440,23967,25411,27149,28966,30681,31416,33264,34974,38232,43208,44719,48541,43549,45450,49482,52768,52718,56349,56278,55116
New England,Personal income (thousands of dollars),301162055,305442858,323283181,335381530,349543203,369066158,389875219,414734730,444886128,472325899,521202209,546199664,550768521,565304556,594374175,620465114,667514335,702558135,735337998,727915987,753281178,785316268,812577266,812475360,843685854,883903327,903272776
New England,Population (persons) 1/,13229502,13247630,13271045,13334364,13396380,13472634,13554814,13642197,13733828,13837653,13949721,14041043,14122441,14182454,14206683,14216656,14245540,14279205,14340115,14403575,14469344,14527701,14581225,14634725,14682710,14710229,14735525
New England,Per capita personal income (dollars) 2/,22764,23056,24360,25152,26092,27394,28763,30401,32393,34133,37363,38900,39000,39859,41838,43644,46858,49201,51278,50537,52060,54056,55728,55517,57461,60088,61299
Mideast,Personal income (thousands of dollars),998789468,1017712189,1078194076,1112960022,1151638261,1212298549,1276068722,1347898945,1429575559,1505781712,1628168627,1694427028,1718911998,1767334466,1863941853,1942919484,2070191733,2192252450,2266596092,2216310618,2283241329,2410993963,2526546881,2551787975,2648498835,2762663466,2821294298
Mideast,Population (persons) 1/,43761704,44070941,44392469,44717161,44969670,45186033,45383860,45579719,45822025,46105834,46386027,46619373,46841190,47034773,47162342,47239239,47334435,47473718,47684886,47943872,48212295,48477069,48689805,48859735,48995329,49083944,49123667
Mideast,Per capita personal income (dollars) 2/,22823,23093,24288,24889,25609,26829,28117,29572,31198,32659,35100,36346,36697,37575,39522,41129,43735,46178,47533,46227,47358,49735,51891,52227,54056,56284,57432
Great Lakes,Personal income (thousands of dollars),808452883,828074860,889435929,929374734,985774043,1038939784,1096974637,1158529116,1232322421,1284847578,1370321856,1409803336,1426994929,1459125790,1515557416,1562011796,1645887046,1717580638,1774681948,1707107118,1750077094,1855242063,1932715487,1962255576,2044875262,2130088923,2176707324
Great Lakes,Population (persons) 1/,42091157,42495903,42902625,43274741,43589980,43923694,44239468,44493603,44727877,44969225,45216019,45401564,45550284,45707787,45844372,45949142,46071573,46187992,46275120,46355854,46440847,46507169,46572795,46660465,46731329,46742511,46755973
Great Lakes,Per capita personal income (dollars) 2/,19207,19486,20732,21476,22615,23653,24796,26038,27552,28572,30306,31052,31328,31923,33059,33994,35725,37187,38351,36826,37684,39892,41499,42054,43758,45571,46555
Plains,Personal income (thousands of dollars),324425760,335764517,360319451,372338378,397332114,416502560,448190038,471141232,502075417,522532705,559567086,579316979,590968302,616756181,650501082,673097683,715168105,761922035,811473761,786346384,808918918,867752130,916941239,926813561,963741056,994108836,1008513288
Plains,Population (persons) 1/,17697550,17843335,18026179,18209613,18380746,18549556,18705269,18851351,18988053,19130836,19275412,19374967,19468009,19569167,19687933,19802730,19956982,20105697,20248815,20392583,20537755,20646162,20759525,20883483,20995039,21095876,21185456
Plains,Per capita personal income (dollars) 2/,18332,18817,19989,20447,21617,22454,23961,24992,26442,27314,29030,29900,30356,31517,33041,33990,35835,37896,40075,38560,39387,42030,44170,44380,45903,47123,47604
Southeast,Personal income (thousands of dollars),1039642513,1087708873,1168823918,1235395303,1309931704,1394805064,1479935672,1570491534,1687840437,1772130068,1899680707,1988459313,2040822900,2127668458,2278077142,2437752631,2618199312,2760150189,2856698462,2769842417,2859182022,3017052452,3136007274,3148451483,3320968980,3501150321,3591918052
Southeast,Population (persons) 1/,59516122,60500666,61508138,62530549,63574211,64601937,65611342,66655300,67626581,68569381,69497232,70317959,71151666,71961591,73019229,74148386,75065947,76122849,77057840,77814936,78565618,79257134,79968491,80592691,81312813,82092717,82883735
Southeast,Per capita personal income (dollars) 2/,17468,17978,19003,19757,20605,21591,22556,23561,24958,25844,27335,28278,28683,29567,31198,32877,34879,36259,37072,35595,36392,38067,39216,39066,40842,42649,43337
Southwest,Personal income (thousands of dollars),433568698,453708566,488716681,517870864,550165516,588912349,632152308,684747847,742822291,780761079,849541752,900816481,916158455,953682907,1006445855,1101283761,1208863893,1284243510,1394758130,1320228177,1374987775,1490647485,1592627183,1628012943,1743669781,1805564422,1816997833
Southwest,Population (persons) 1/,25411251,25917326,26491437,27115790,27772489,28419852,29019737,29625063,30239551,30827272,31380654,31891889,32430969,32923761,33475468,34098071,34944948,35624083,36269039,36899289,37476981,37977582,38522127,39035750,39625267,40234946,40798243
Southwest,Per capita personal income (dollars) 2/,17062,17506,18448,19098,19810,20722,21784,23114,24565,25327,27072,28246,28249,28966,30065,32298,34593,36050,38456,35779,36689,39251,41343,41706,44004,44876,44536
Rocky Mountain,Personal income (thousands of dollars),127352543,135140768,146514405,158589533,169886195,183629289,197211262,210999331,230362190,246048213,269392776,282517131,288132142,297052625,312466239,336313433,367112638,392944275,410768622,391208750,400125759,433315163,461347229,479685748,513397510,542453905,556451281
Rocky Mountain,Population (persons) 1/,7305119,7477155,7696444,7938748,8171343,8379865,8565452,8745913,8918147,9094461,9268926,9430982,9567277,9675332,9807510,9972107,10189958,10406301,10609537,10793888,10950134,11084173,11223521,11379275,11531525,11710907,11902923
Rocky Mountain,Per capita personal income (dollars) 2/,17433,18074,19037,19977,20790,21913,23024,24125,25831,27055,29064,29956,30116,30702,31860,33725,36027,37760,38717,36244,36541,39093,41105,42154,44521,46320,46749
Far West,Personal income (thousands of dollars),857059080,892213369,946821359,977869636,1016044964,1071607247,1141289142,1216589265,1318818557,1403755746,1536971987,1586350068,1618003753,1697300017,1826512238,1936476098,2088412938,2183767768,2242389987,2160484549,2229798925,2373116476,2525722441,2559477354,2732550722,2927727800,3037622148
Far West,Population (persons) 1/,40610409,41427985,42225887,42797622,43271002,43744822,44314342,45053779,45798042,46505506,47188420,47891178,48493357,49053068,49601761,50090268,50570529,51031362,51608614,52167532,52695219,53186368,53680890,54158784,54689444,55225488,55741991
Far West,Per capita personal income (dollars) 2/,21104,21536,22423,22849,23481,24497,25754,27003,28796,30185,32571,33124,33365,34601,36824,38660,41297,42793,43450,41414,42315,44619,47051,47259,49965,53014,54494
